FlightID,FlightDate,Airline,AircraftType,Origin,Destination,ScheduledDepTime,ActualDepTime,ScheduledArrTime,ActualArrTime,DepDelay,ArrDelay,Cancelled,Diverted,Distance,DelayType,WeatherDelay,CarrierDelay,NASDelay,SecurityDelay
1,2024-01-01,Spirit,B757,DFW,LAS,885,629,1727,665,111,223,0,0,2512,Security,99,58,105,36
2,2024-01-02,Southwest,B787,DFW,LAX,21,1540,2290,1771,156,149,0,0,2431,Weather,83,68,145,33
3,2024-01-03,Alaska,B787,DFW,SFO,473,2003,1854,863,115,71,0,0,2582,Security,51,118,154,6
4,2024-01-04,Spirit,B757,DEN,ATL,2257,1271,959,581,46,125,0,0,3447,Weather,18,91,168,39
5,2024-01-05,United,B737,DEN,JFK,2353,363,2079,694,70,144,0,0,2194,NAS,108,44,71,27
6,2024-01-06,Frontier,B777,JFK,ORD,703,285,2324,1251,151,30,0,0,1712,NAS,43,147,73,38
7,2024-01-07,Alaska,A320,LAX,LAX,686,148,531,1610,158,96,0,0,2122,Weather,6,23,16,38
8,2024-01-08,Alaska,B737,DFW,MIA,284,1107,1177,1239,210,29,0,0,2983,Carrier,43,90,189,27
9,2024-01-09,Spirit,A320,BOS,SEA,715,455,1091,398,62,231,0,0,3473,NAS,116,93,156,13
10,2024-01-10,American,B757,LAX,SEA,762,1766,1901,1946,130,88,0,0,2628,Security,67,57,185,52
11,2024-01-11,United,A321,JFK,JFK,1250,799,883,714,59,69,0,0,3436,Security,33,154,69,49
12,2024-01-12,Spirit,A320,ORD,DEN,947,1184,2261,703,-5,118,0,0,3191,Late Aircraft,65,153,149,37
13,2024-01-13,United,B777,LAX,DEN,1030,1012,1678,1714,73,92,0,0,1557,None,68,127,5,3
14,2024-01-14,United,A321,LAX,JFK,28,1523,2260,1972,41,2,0,0,1148,None,54,6,25,41
15,2024-01-15,Frontier,A320,MIA,SFO,906,480,2126,81,234,78,0,0,1348,None,9,169,166,17
16,2024-01-16,Alaska,B757,SFO,LAS,2126,1686,1749,603,-8,134,0,0,1439,Security,95,46,139,43
17,2024-01-17,Southwest,A321,LAS,LAX,569,2161,781,1970,70,230,0,0,1462,Late Aircraft,41,52,98,47
18,2024-01-18,Frontier,B757,MIA,SEA,2006,1601,2105,1710,52,273,0,0,2375,None,40,37,141,24
19,2024-01-19,Frontier,A320,SEA,SEA,1453,340,880,2046,38,193,0,0,3244,None,76,52,21,6
20,2024-01-20,United,B757,DEN,LAS,737,2010,446,902,65,110,0,0,937,Weather,102,142,50,37
21,2024-01-21,JetBlue,B777,DEN,SFO,515,1866,2113,364,101,219,0,0,2318,Weather,68,153,150,27
22,2024-01-22,Alaska,A320,SFO,SEA,2000,834,1783,162,164,106,0,0,815,Weather,9,47,175,4
23,2024-01-23,American,A320,ATL,MIA,38,1203,1277,1863,98,122,0,0,1457,Carrier,9,94,198,2
24,2024-01-24,Frontier,A320,ATL,LAX,886,1725,1991,115,172,99,0,0,2144,None,101,146,103,43
25,2024-01-25,Southwest,B737,JFK,BOS,2204,1689,1067,880,181,146,0,0,1076,Carrier,90,136,177,30
26,2024-01-26,JetBlue,B737,PHX,SEA,1098,310,1577,839,54,185,1,0,1601,Late Aircraft,59,63,88,46
27,2024-01-27,JetBlue,B737,SFO,JFK,1823,261,1011,2194,70,218,0,0,2476,Security,50,92,140,41
28,2024-01-28,American,B777,LAS,MIA,1710,1442,2274,1346,184,12,0,0,2061,None,20,124,137,57
29,2024-01-29,Frontier,A321,LAX,SEA,973,405,773,1036,207,-5,0,0,3433,Security,7,178,182,19
30,2024-01-30,Southwest,B757,ATL,PHX,1562,2190,1814,942,4,190,0,0,1332,Weather,64,38,8,18
31,2024-01-31,Alaska,B787,LAS,MIA,988,341,1201,1724,89,151,0,0,1600,None,91,3,78,47
32,2024-02-01,Delta,A320,DFW,ATL,20,1339,1450,2334,21,231,0,0,3202,NAS,112,125,51,59
33,2024-02-02,Southwest,B757,PHX,BOS,2350,243,306,1137,85,31,0,0,1894,Carrier,102,2,129,10
34,2024-02-03,American,A320,BOS,DFW,868,489,778,21,117,230,0,0,2966,Carrier,77,63,152,39
35,2024-02-04,JetBlue,B777,LAX,JFK,83,11,2315,1749,185,111,0,0,440,None,84,28,12,2
36,2024-02-05,Alaska,A320,SEA,JFK,1682,560,7,682,135,131,0,0,1473,Weather,29,115,50,22
37,2024-02-06,Southwest,B737,DFW,LAX,1976,41,475,1833,102,102,0,0,1585,Carrier,84,10,185,6
38,2024-02-07,Delta,B787,DFW,LAS,1410,593,1320,125,72,136,0,0,957,Weather,48,96,33,22
39,2024-02-08,Delta,A350,SFO,MIA,1530,1452,2211,276,32,56,0,0,3356,Late Aircraft,8,101,34,6
40,2024-02-09,United,A320,PHX,SFO,569,1826,484,1999,105,121,0,0,628,Security,16,154,130,45
41,2024-02-10,United,B757,JFK,JFK,933,1693,904,1227,152,159,0,0,636,NAS,68,20,119,33
42,2024-02-11,Spirit,B737,SEA,MIA,1980,133,558,2241,221,273,0,0,2534,Security,57,38,186,41
43,2024-02-12,American,A350,ATL,MIA,1855,947,1967,695,67,3,0,0,865,Security,56,101,69,18
44,2024-02-13,Frontier,B787,LAS,PHX,792,72,2285,1309,47,179,0,0,1792,Late Aircraft,61,45,175,57
45,2024-02-14,Southwest,A350,SFO,ORD,791,398,1127,56,22,159,0,0,2580,Carrier,94,65,191,8
46,2024-02-15,Southwest,B737,ATL,ORD,1809,1428,1233,18,3,125,0,0,2298,NAS,51,90,146,47
47,2024-02-16,Frontier,A321,SFO,DFW,1294,129,467,2311,151,230,0,0,2004,Carrier,60,163,66,50
48,2024-02-17,Spirit,A321,SFO,ATL,2255,1811,847,112,178,77,0,1,713,None,39,110,102,17
49,2024-02-18,JetBlue,A350,SFO,DFW,1607,2001,258,541,236,223,0,0,1216,Security,37,81,72,40
50,2024-02-19,JetBlue,B777,PHX,SEA,1083,265,282,578,121,189,0,0,421,None,42,122,115,47
51,2024-02-20,Spirit,B757,JFK,SFO,984,1560,1649,1088,205,32,0,0,3408,Weather,62,98,132,44
52,2024-02-21,JetBlue,B757,SFO,SEA,1680,1985,1898,24,48,229,0,1,1396,Security,18,34,66,41
53,2024-02-22,United,A350,ORD,DEN,519,792,39,1572,146,279,0,0,1092,Carrier,99,158,138,24
54,2024-02-23,Southwest,A320,BOS,SEA,590,2300,2267,2048,72,112,0,0,1571,Security,49,155,120,51
55,2024-02-24,Spirit,A320,ATL,LAX,1050,1312,1014,1572,123,266,0,0,2158,Weather,32,102,93,13
56,2024-02-25,Southwest,B757,LAX,SEA,1709,163,612,140,110,1,0,0,939,Late Aircraft,12,128,195,43
57,2024-02-26,Frontier,B757,MIA,DFW,2035,94,1915,1767,214,55,0,0,2872,None,77,24,196,24
58,2024-02-27,Delta,A321,LAS,JFK,2246,1805,687,647,166,253,0,0,1757,None,119,42,128,18
59,2024-02-28,United,B777,SEA,JFK,348,1133,612,2235,157,266,0,0,2462,Carrier,96,83,90,38
60,2024-02-29,Alaska,B737,DEN,ORD,959,821,2307,200,72,289,0,0,2274,Security,61,50,91,54
61,2024-03-01,United,A320,JFK,LAS,1963,237,1781,256,234,-9,0,0,1972,Carrier,92,129,62,14
62,2024-03-02,Spirit,B757,LAX,SFO,692,1960,1810,546,182,298,0,0,632,Late Aircraft,42,125,28,15
63,2024-03-03,Alaska,A321,DFW,SFO,1559,1048,1547,2241,186,289,0,0,2506,Security,48,68,11,26
64,2024-03-04,Delta,B787,ORD,LAX,377,1676,1930,801,16,87,0,0,1662,Security,35,8,76,39
65,2024-03-05,Spirit,A321,DEN,DFW,526,963,1152,941,69,293,0,0,1833,Carrier,107,1,40,9
66,2024-03-06,American,A320,MIA,ORD,2253,536,574,413,123,177,0,0,2521,Carrier,9,161,129,3
67,2024-03-07,Southwest,A320,LAX,PHX,1259,1603,1910,2014,221,225,0,0,2300,Weather,94,158,36,50
68,2024-03-08,Delta,A321,DEN,DEN,1875,1979,1012,1381,2,46,0,0,621,Late Aircraft,5,9,172,18
69,2024-03-09,Southwest,B737,LAX,SFO,1763,127,669,1098,229,1,0,0,1960,Weather,56,113,175,27
70,2024-03-10,JetBlue,A350,LAS,JFK,520,91,268,909,53,155,0,0,1719,None,0,75,23,20
71,2024-03-11,American,A320,ORD,SEA,1701,542,1283,187,179,9,0,0,860,Security,70,163,98,58
72,2024-03-12,American,A321,MIA,SEA,1016,845,923,2015,216,235,0,0,365,Carrier,57,84,149,46
73,2024-03-13,Delta,B757,DFW,LAS,1013,1681,1125,1313,136,237,1,0,696,Security,90,48,99,13
74,2024-03-14,American,A321,SFO,ORD,116,1851,1529,2092,193,191,0,0,1641,Security,20,69,138,32
75,2024-03-15,Alaska,B777,ATL,DFW,1367,389,1758,2130,69,13,1,0,1590,NAS,91,176,57,47
76,2024-03-16,American,A350,DFW,DFW,583,1884,1594,1146,112,101,0,0,664,None,79,130,173,9
77,2024-03-17,Southwest,B787,SFO,ATL,394,42,246,357,32,266,0,0,3416,NAS,55,132,28,18
78,2024-03-18,Southwest,B737,PHX,BOS,1087,253,1560,1551,191,128,0,0,2058,Security,109,89,162,29
79,2024-03-19,Spirit,B787,PHX,SFO,71,1083,2178,1089,78,9,0,0,3189,Carrier,86,25,142,21
80,2024-03-20,Southwest,A350,PHX,DFW,273,2334,2243,1680,137,294,0,0,1297,Security,115,71,59,2
81,2024-03-21,Spirit,A350,JFK,LAS,2013,1540,1939,161,84,140,1,0,2960,None,19,4,94,36
82,2024-03-22,Southwest,A350,BOS,JFK,1343,1953,929,449,185,57,0,0,2123,NAS,101,14,41,40
83,2024-03-23,Alaska,B787,SEA,ORD,337,641,226,1497,161,104,0,0,1323,Carrier,53,122,42,17
84,2024-03-24,Frontier,B757,SEA,DEN,1389,689,264,1036,140,296,0,0,967,Security,24,143,73,10
85,2024-03-25,Spirit,A350,PHX,ATL,606,1276,1395,2231,-9,77,0,0,1608,Late Aircraft,27,0,176,47
86,2024-03-26,United,A321,ATL,LAS,165,1950,1457,2158,109,70,1,0,3400,None,4,143,191,1
87,2024-03-27,JetBlue,B787,MIA,MIA,1567,1079,645,1950,11,102,0,0,1855,None,119,164,159,11
88,2024-03-28,Delta,A350,ORD,LAX,2058,1486,2258,1313,104,217,0,0,3348,Late Aircraft,20,2,63,53
89,2024-03-29,Southwest,A321,MIA,DEN,1324,456,1418,2342,46,183,0,0,2568,Security,17,179,1,5
90,2024-03-30,American,B757,ORD,MIA,728,982,1473,1238,218,190,0,0,811,None,46,46,151,42
91,2024-03-31,Frontier,B777,MIA,PHX,2043,2130,1387,973,61,131,1,0,3101,Carrier,69,94,65,58
92,2024-04-01,Southwest,B757,BOS,SEA,101,1122,1899,631,-4,255,0,0,2544,Security,56,12,165,39
93,2024-04-02,American,A350,JFK,LAX,1415,148,1249,1590,195,123,0,0,636,Security,92,119,30,43
94,2024-04-03,JetBlue,B787,JFK,SFO,778,1352,981,1050,173,165,0,0,951,NAS,18,54,114,28
95,2024-04-04,JetBlue,A320,PHX,JFK,213,1179,1154,1588,108,14,0,0,2856,None,96,148,25,58
96,2024-04-05,JetBlue,A350,SFO,LAX,1111,189,587,1693,184,41,0,0,1222,None,64,65,28,29
97,2024-04-06,American,A320,DEN,BOS,1576,882,475,436,103,216,0,0,1634,Late Aircraft,108,154,194,1
98,2024-04-07,Southwest,A321,JFK,MIA,1695,2310,1821,1556,5,130,0,0,1233,NAS,2,165,77,8
99,2024-04-08,JetBlue,B777,JFK,SFO,591,399,985,1076,236,32,1,0,1761,NAS,41,89,24,46
100,2024-04-09,Alaska,B737,DFW,BOS,1333,608,2203,1304,72,178,0,0,601,None,20,61,47,1
101,2024-04-10,Spirit,B757,DFW,SEA,1109,1795,1241,2078,168,208,0,0,1974,Security,98,101,64,28
102,2024-04-11,American,B777,SFO,BOS,2139,1638,189,182,199,120,0,0,2201,NAS,104,173,180,32
103,2024-04-12,American,A350,LAS,ATL,713,1575,1440,1469,233,6,0,0,1529,Late Aircraft,39,138,66,9
104,2024-04-13,Southwest,A320,DEN,ATL,935,2148,980,1479,197,-10,0,0,2157,NAS,66,7,89,33
105,2024-04-14,American,B757,ATL,PHX,1951,1382,1698,1589,61,188,0,0,1002,Late Aircraft,24,96,145,43
106,2024-04-15,American,A320,DFW,ORD,241,1403,1715,1587,113,223,0,0,3078,NAS,108,116,136,54
107,2024-04-16,JetBlue,B787,ATL,DEN,2043,819,40,659,214,169,0,0,1274,Late Aircraft,101,63,37,7
108,2024-04-17,Southwest,A320,LAX,DEN,1,819,2354,159,102,276,1,0,795,NAS,108,20,86,36
109,2024-04-18,JetBlue,B787,DFW,SFO,2272,419,942,1011,1,204,0,0,1719,NAS,54,114,148,53
110,2024-04-19,Spirit,A321,BOS,SEA,1768,123,337,52,115,100,0,0,328,Carrier,83,84,64,59
111,2024-04-20,Frontier,B757,LAS,DFW,1949,421,1337,1045,42,297,0,0,1509,Late Aircraft,51,19,148,32
112,2024-04-21,Spirit,B757,DEN,PHX,2163,1508,1098,1053,64,33,0,0,2631,Late Aircraft,43,7,26,46
113,2024-04-22,Frontier,B737,SFO,ATL,917,1597,2326,2307,122,157,0,0,1138,Late Aircraft,108,57,105,5
114,2024-04-23,JetBlue,A350,LAX,SFO,2241,767,895,1228,16,66,0,0,3419,Weather,97,45,122,43
115,2024-04-24,Spirit,B787,DEN,DFW,89,2044,2320,1494,129,29,0,0,1355,NAS,84,30,197,39
116,2024-04-25,Southwest,B737,PHX,DEN,1709,2202,1674,1489,134,4,0,0,2799,Late Aircraft,55,92,43,44
117,2024-04-26,Delta,A320,BOS,ORD,2169,2139,930,1035,123,205,0,0,2240,None,54,8,99,18
118,2024-04-27,JetBlue,A320,DEN,BOS,142,1549,288,1950,86,107,0,0,1750,Weather,111,14,27,31
119,2024-04-28,Frontier,B737,BOS,ATL,105,1764,723,849,-6,218,0,0,3062,Carrier,86,93,172,26
120,2024-04-29,Alaska,B757,BOS,SFO,886,2044,2319,353,46,205,0,0,1170,Late Aircraft,69,153,16,0
121,2024-04-30,Frontier,A320,ATL,LAX,427,509,1953,1098,145,-13,0,0,799,Late Aircraft,114,137,126,42
122,2024-05-01,Alaska,A321,MIA,DFW,1328,1206,1089,1739,67,166,0,0,2311,Weather,116,28,122,51
123,2024-05-02,American,A321,PHX,BOS,1895,385,482,1464,58,190,0,0,641,NAS,76,79,167,32
124,2024-05-03,Spirit,B737,LAX,ATL,1994,1597,935,990,107,24,0,0,2607,None,112,35,130,39
125,2024-05-04,Alaska,B787,DEN,DEN,316,2293,2295,1264,109,43,0,0,2683,Carrier,86,83,75,31
126,2024-05-05,Frontier,B787,ORD,LAS,1986,741,155,1884,48,46,0,0,1630,Late Aircraft,72,108,193,4
127,2024-05-06,American,B737,LAX,SEA,634,1911,1070,1809,22,116,0,0,1223,NAS,80,117,45,16
128,2024-05-07,Delta,B787,MIA,DFW,1925,1446,1958,2341,51,44,0,0,3415,None,65,36,157,7
129,2024-05-08,Southwest,B757,LAX,DEN,2056,900,2248,2256,39,106,0,0,3414,None,18,85,68,56
130,2024-05-09,Southwest,B757,JFK,ATL,2270,2112,1683,1111,101,91,0,0,589,Carrier,82,70,136,41
131,2024-05-10,Southwest,B787,ORD,DFW,1439,2260,123,817,222,80,0,0,2894,Security,119,150,84,33
132,2024-05-11,Alaska,A321,MIA,PHX,552,2009,2048,1799,8,219,0,0,1006,None,6,168,10,8
133,2024-05-12,Delta,B787,ATL,BOS,715,241,967,1960,203,46,0,1,1295,Security,117,92,68,55
134,2024-05-13,Alaska,B757,DEN,ATL,1287,2020,854,888,186,240,0,0,2588,None,62,79,98,22
135,2024-05-14,Spirit,B777,LAS,PHX,1713,172,639,1855,112,33,0,0,2603,Carrier,41,101,90,34
136,2024-05-15,Alaska,A350,SEA,MIA,1883,671,2238,1180,183,143,0,0,2931,Weather,41,155,193,49
137,2024-05-16,Delta,A320,MIA,SFO,1107,163,1602,667,211,108,0,0,3449,Carrier,58,175,158,6
138,2024-05-17,Delta,B777,SFO,LAS,1341,464,441,632,36,191,0,0,2922,Carrier,19,165,160,14
139,2024-05-18,Spirit,B787,DEN,BOS,110,496,1944,1642,156,32,0,0,1188,Weather,72,158,166,52
140,2024-05-19,Delta,A321,PHX,DFW,250,699,1838,136,185,120,0,0,1097,Weather,16,13,93,53
141,2024-05-20,Frontier,B737,MIA,SEA,2054,702,1829,1946,22,185,0,0,691,NAS,26,116,173,19
142,2024-05-21,Delta,B787,JFK,DEN,458,1940,2190,1697,130,234,0,0,2800,None,46,72,164,49
143,2024-05-22,Southwest,A321,SEA,LAX,1107,2355,532,427,73,298,0,0,379,NAS,1,90,114,24
144,2024-05-23,Frontier,A350,JFK,DEN,207,1791,2274,1475,171,279,0,0,3453,Weather,62,89,187,2
145,2024-05-24,Frontier,B787,SEA,DFW,899,182,1336,818,124,298,0,0,846,Security,61,28,30,59
146,2024-05-25,Spirit,B757,PHX,LAS,21,628,948,2188,68,193,0,0,2208,Security,99,178,10,54
147,2024-05-26,United,B737,LAS,DEN,409,1731,2019,1106,204,195,0,0,1755,Carrier,18,48,86,45
148,2024-05-27,United,A321,SFO,SFO,894,545,459,2224,3,176,0,0,1111,Late Aircraft,16,170,120,23
149,2024-05-28,Delta,A321,DEN,LAS,514,1587,550,197,204,28,0,0,2890,Carrier,68,71,129,33
150,2024-05-29,Frontier,A321,ATL,ATL,808,623,392,1995,136,13,0,0,1248,Carrier,38,132,104,45
151,2024-05-30,United,A350,JFK,PHX,873,593,1787,470,117,43,0,0,2622,Late Aircraft,81,41,26,21
152,2024-05-31,United,B787,JFK,LAX,13,743,844,2265,43,55,1,0,3390,None,116,134,1,10
153,2024-06-01,Delta,A350,BOS,JFK,970,1768,2257,1948,210,76,0,0,2745,Weather,117,41,102,47
154,2024-06-02,United,A320,SEA,DFW,2134,1459,1138,928,237,249,0,0,1801,Security,70,163,100,7
155,2024-06-03,Alaska,A320,DFW,ORD,1560,1948,645,2010,137,204,0,0,3116,Carrier,80,104,20,38
156,2024-06-04,American,B787,LAS,JFK,1324,2068,2266,905,18,199,0,0,1890,Late Aircraft,38,26,57,42
157,2024-06-05,Spirit,B757,DEN,DEN,1266,104,1466,2222,13,261,0,0,3486,NAS,35,57,132,34
158,2024-06-06,American,A350,SEA,DFW,2169,2239,1377,22,71,48,0,0,1761,Carrier,39,45,179,48
159,2024-06-07,Delta,B737,BOS,PHX,749,16,141,234,52,276,0,0,1986,Security,44,65,172,45
160,2024-06-08,Southwest,A321,LAX,MIA,684,392,500,1124,191,229,0,0,3006,Weather,3,24,84,37
161,2024-06-09,Spirit,A321,SEA,PHX,1927,424,839,928,94,46,0,0,1699,Carrier,101,72,92,7
162,2024-06-10,Delta,B787,ATL,ORD,2356,2176,1682,522,46,154,0,0,2107,Carrier,24,116,19,53
163,2024-06-11,Frontier,B757,DEN,LAX,694,571,1565,1808,125,253,0,0,514,None,68,154,60,36
164,2024-06-12,Southwest,A320,LAS,PHX,2335,2076,2046,430,207,251,0,0,2909,Late Aircraft,29,128,37,26
165,2024-06-13,American,A320,BOS,SEA,306,1120,1530,792,51,38,0,0,3129,NAS,75,86,147,27
166,2024-06-14,Delta,A321,LAX,MIA,1989,241,595,1629,146,0,1,0,2971,NAS,67,73,24,39
167,2024-06-15,Frontier,B787,ORD,JFK,661,2279,1904,1736,191,-8,0,0,1712,Weather,87,169,129,33
168,2024-06-16,Spirit,A350,BOS,ATL,548,788,280,532,6,88,0,0,406,Security,28,179,120,31
169,2024-06-17,Spirit,A320,ORD,SFO,311,714,423,1746,55,43,0,0,1695,Weather,72,152,159,14
170,2024-06-18,JetBlue,A350,DEN,SEA,1082,758,269,1675,-5,297,0,0,2548,Carrier,67,124,25,43
171,2024-06-19,Frontier,B757,JFK,MIA,1737,775,153,1316,47,24,0,0,3175,Carrier,50,66,197,16
172,2024-06-20,Alaska,A320,BOS,ATL,754,2247,1750,912,58,221,0,0,1882,NAS,23,5,168,32
173,2024-06-21,United,A320,SFO,ATL,34,78,661,1124,145,78,0,0,2827,Security,13,124,66,46
174,2024-06-22,Southwest,B777,ORD,DFW,444,855,1967,1525,51,206,0,0,2624,Late Aircraft,68,57,0,45
175,2024-06-23,Frontier,A320,ATL,MIA,2140,1439,82,1327,158,188,0,0,3258,Security,17,69,50,51
176,2024-06-24,JetBlue,B737,SFO,LAX,1982,2134,1449,1023,186,122,0,0,1144,Carrier,41,52,4,53
177,2024-06-25,United,B787,MIA,DEN,1230,2148,1298,1576,71,284,0,0,2394,Late Aircraft,56,65,12,15
178,2024-06-26,United,B787,MIA,ORD,352,1031,2331,1378,207,191,1,0,762,Security,82,57,146,28
179,2024-06-27,Delta,A350,LAX,ORD,902,844,979,1519,201,65,0,0,465,Security,11,81,139,8
180,2024-06-28,United,B757,LAS,JFK,1355,86,2220,1681,158,202,1,0,3453,Late Aircraft,81,86,47,32
181,2024-06-29,Alaska,A320,JFK,JFK,1748,2090,1659,1997,166,-14,0,0,2422,Carrier,16,1,152,59
182,2024-06-30,Spirit,B737,DEN,ORD,158,407,1398,226,208,162,1,0,3403,Security,29,149,56,48
183,2024-07-01,JetBlue,A350,BOS,PHX,1977,1668,632,1259,166,263,0,0,1956,Late Aircraft,87,36,114,28
184,2024-07-02,United,B777,DFW,LAX,956,147,1531,872,193,130,0,0,2356,None,74,147,34,12
185,2024-07-03,Delta,A350,ATL,PHX,2071,2324,786,891,60,208,0,0,1817,None,98,102,75,20
186,2024-07-04,Alaska,A350,ORD,PHX,403,231,397,1478,120,46,0,0,2458,Carrier,22,23,93,57
187,2024-07-05,American,A320,DEN,SFO,515,1950,1143,1036,-1,278,0,0,2581,Late Aircraft,80,111,4,20
188,2024-07-06,Spirit,B777,SFO,BOS,1387,365,933,2257,87,223,0,0,2403,None,0,64,21,4
189,2024-07-07,Spirit,A350,PHX,DEN,955,1674,1460,396,78,179,0,0,1378,Late Aircraft,78,128,102,9
190,2024-07-08,JetBlue,B737,MIA,SFO,2199,435,1852,1123,24,150,0,0,477,Security,31,116,184,5
191,2024-07-09,Spirit,B737,PHX,DFW,1712,398,285,2078,197,206,0,1,2615,Carrier,8,115,174,55
192,2024-07-10,United,B787,ATL,BOS,607,1234,264,648,-9,45,0,0,1737,None,14,104,181,50
193,2024-07-11,Delta,B777,DFW,BOS,1273,1414,2136,328,113,113,0,0,1051,Security,27,2,130,56
194,2024-07-12,Spirit,B777,BOS,MIA,1535,562,1677,1482,13,157,0,0,1872,Weather,23,45,123,12
195,2024-07-13,Spirit,B787,LAX,LAX,1441,1284,1226,951,63,140,0,0,2155,Weather,59,54,52,0
196,2024-07-14,American,A350,DFW,LAX,1797,772,820,2005,155,94,0,0,3171,Carrier,34,74,158,19
197,2024-07-15,American,B777,ATL,BOS,294,2037,1762,2016,11,253,0,0,721,None,85,44,68,56
198,2024-07-16,Southwest,B737,DFW,PHX,754,1343,2269,1878,143,262,0,0,1329,None,26,153,103,46
199,2024-07-17,Alaska,B737,ATL,MIA,1394,2185,40,1196,160,58,0,0,2922,None,82,76,160,45
200,2024-07-18,United,A320,ATL,DEN,185,1573,1731,1772,172,191,0,0,2310,Late Aircraft,108,23,199,7
201,2024-07-19,Spirit,B777,SEA,BOS,1269,991,67,161,28,263,0,0,1291,Security,75,34,177,9
202,2024-07-20,Frontier,A350,ORD,SEA,636,1246,987,1751,208,188,0,0,2991,None,19,23,15,8
203,2024-07-21,Spirit,B787,PHX,JFK,1291,359,1799,775,146,145,0,0,3270,Security,64,27,115,48
204,2024-07-22,Delta,B787,MIA,JFK,529,920,1621,1827,228,12,0,1,2410,Carrier,84,15,75,40
205,2024-07-23,Southwest,A350,SEA,SFO,2068,962,1655,2321,219,241,0,0,478,None,48,58,108,2
206,2024-07-24,Alaska,B757,BOS,DFW,793,1827,1278,1051,9,149,0,0,420,Carrier,108,143,38,10
207,2024-07-25,Frontier,A321,SEA,LAS,2147,1613,694,939,208,47,0,0,544,None,0,14,88,11
208,2024-07-26,Southwest,A320,JFK,LAS,477,1640,1085,539,30,6,0,0,438,Weather,9,10,173,9
209,2024-07-27,JetBlue,B787,JFK,JFK,1622,2216,1693,821,171,54,0,0,675,NAS,46,78,111,24
210,2024-07-28,Alaska,B777,MIA,ATL,939,216,2315,1461,137,80,0,0,1226,Carrier,58,114,46,48
211,2024-07-29,Spirit,A320,DFW,SFO,525,377,1058,1088,97,147,0,0,1352,None,95,67,171,48
212,2024-07-30,Spirit,B777,ORD,LAS,1,118,778,355,136,63,0,0,2955,NAS,61,42,136,24
213,2024-07-31,Alaska,B757,MIA,JFK,374,189,493,234,73,-11,1,0,1168,Carrier,102,68,127,10
214,2024-08-01,Spirit,B737,ATL,DFW,2340,369,1585,2274,216,104,0,0,748,Late Aircraft,85,140,177,53
215,2024-08-02,United,A320,SFO,LAS,552,1801,1492,1548,100,286,1,0,2071,None,17,137,76,35
216,2024-08-03,Alaska,B787,ORD,PHX,1525,2196,1790,2096,55,162,0,0,3059,Late Aircraft,111,74,187,38
217,2024-08-04,Southwest,A320,LAS,PHX,1851,651,660,117,147,160,0,0,1115,Weather,45,102,14,52
218,2024-08-05,Alaska,A320,PHX,LAX,380,1882,1348,2101,42,201,0,0,1075,None,31,40,35,25
219,2024-08-06,Frontier,A320,ORD,LAX,1646,1511,1327,1673,23,40,0,0,2108,Weather,26,177,62,13
220,2024-08-07,Spirit,A321,ATL,DEN,13,769,1299,1067,139,171,0,0,2368,NAS,91,58,68,38
221,2024-08-08,United,A320,ATL,BOS,503,780,1986,2100,56,216,0,0,2545,Carrier,17,38,168,55
222,2024-08-09,United,B777,LAX,SEA,2278,1716,2044,557,123,239,0,0,395,Security,38,2,73,39
223,2024-08-10,JetBlue,B737,MIA,LAX,2008,2207,1928,1815,196,88,1,0,1891,Weather,48,6,23,0
224,2024-08-11,Southwest,B757,ATL,LAS,129,1311,1347,2005,16,61,0,0,1569,Security,92,48,48,55
225,2024-08-12,American,A350,JFK,MIA,837,1249,1058,397,-1,214,0,0,2879,Security,81,25,145,53
226,2024-08-13,American,A320,BOS,JFK,2040,522,976,674,62,242,0,0,719,Carrier,43,160,6,3
227,2024-08-14,Alaska,B787,SFO,MIA,27,521,481,386,214,248,0,0,442,NAS,71,100,3,29
228,2024-08-15,JetBlue,A320,PHX,DFW,2113,782,727,2158,85,166,0,0,1341,Carrier,53,175,89,11
229,2024-08-16,Delta,B787,MIA,LAX,1252,2320,1031,2064,37,240,0,0,2791,None,94,78,196,55
230,2024-08-17,Alaska,B777,DEN,SEA,260,935,342,883,59,22,1,0,301,Weather,33,1,59,34
231,2024-08-18,JetBlue,B787,JFK,DFW,2046,2230,1447,540,222,160,0,0,3179,Security,70,126,54,12
232,2024-08-19,Southwest,A350,LAS,ATL,1472,1688,2221,170,176,11,0,0,2660,Carrier,35,159,15,51
233,2024-08-20,Southwest,B737,DFW,ATL,1447,487,526,739,89,260,0,0,2070,Carrier,17,131,28,30
234,2024-08-21,Southwest,B787,ATL,MIA,459,1850,1896,1401,48,124,0,0,3214,Carrier,37,19,150,37
235,2024-08-22,Southwest,B787,DEN,BOS,300,845,658,2277,-9,283,0,0,2771,Weather,58,116,13,42
236,2024-08-23,Southwest,B737,ATL,SFO,2334,2171,2073,118,146,271,0,0,2119,NAS,8,163,78,22
237,2024-08-24,JetBlue,A350,ORD,BOS,629,2003,819,2151,185,75,0,0,2818,Carrier,72,31,176,3
238,2024-08-25,JetBlue,A320,JFK,LAS,269,1748,405,1995,54,45,0,0,2036,Weather,109,27,32,51
239,2024-08-26,United,B787,ORD,PHX,1993,685,2279,1705,72,147,0,0,1704,Security,71,76,152,15
240,2024-08-27,Frontier,B737,LAX,DEN,1628,2160,1573,1722,143,127,0,0,2117,None,50,0,20,6
241,2024-08-28,American,B777,ORD,BOS,1801,2169,1811,2222,206,237,0,0,2988,Late Aircraft,34,55,144,21
242,2024-08-29,Spirit,B737,LAX,DEN,861,1567,504,1697,-1,253,0,0,3449,Weather,81,34,22,28
243,2024-08-30,Southwest,B777,LAS,DEN,1280,1245,178,1444,42,275,0,0,2829,Late Aircraft,4,111,56,10
244,2024-08-31,Delta,A350,LAX,SEA,2180,38,131,1759,68,171,0,0,2257,Carrier,13,29,185,55
245,2024-09-01,Spirit,A320,DEN,LAX,1799,779,1846,1524,48,288,0,0,1684,Carrier,91,53,141,32
246,2024-09-02,JetBlue,B737,ATL,SEA,1706,1256,1478,664,139,275,0,0,1089,Weather,29,35,92,57
247,2024-09-03,Delta,B757,DFW,DEN,575,2196,771,32,168,70,0,0,3386,Late Aircraft,3,79,19,28
248,2024-09-04,Delta,B757,PHX,DFW,2003,1927,1429,2102,37,150,0,0,490,Carrier,38,57,157,58
249,2024-09-05,Delta,A321,ORD,ATL,1307,301,2123,2059,138,98,0,0,785,Security,83,82,18,38
250,2024-09-06,United,B787,PHX,DEN,1956,2285,578,1551,112,167,0,0,1657,NAS,63,64,180,11
251,2024-09-07,JetBlue,A350,JFK,SEA,2020,646,1515,719,237,191,0,0,332,NAS,24,68,102,6
252,2024-09-08,Delta,B737,LAX,DFW,2212,662,193,483,11,240,0,0,1231,Carrier,27,127,183,58
253,2024-09-09,Southwest,B757,ATL,SEA,2352,2283,2007,972,89,219,0,0,1200,Late Aircraft,75,50,76,54
254,2024-09-10,Alaska,B787,SFO,BOS,1655,1759,1185,306,87,-13,0,0,860,None,65,21,150,38
255,2024-09-11,Delta,B757,MIA,JFK,1579,2250,1384,456,147,192,0,0,823,Carrier,106,106,189,41
256,2024-09-12,United,B737,DEN,MIA,1847,255,1792,2207,14,181,0,0,2583,None,77,108,32,47
257,2024-09-13,Spirit,B777,DFW,SFO,2203,597,1110,330,226,109,0,0,1238,None,21,115,17,25
258,2024-09-14,JetBlue,B737,SEA,PHX,1390,661,2261,224,17,122,0,0,708,Late Aircraft,30,100,72,39
259,2024-09-15,Frontier,A321,DEN,SEA,1742,234,1936,1479,182,9,1,0,2423,None,22,99,160,8
260,2024-09-16,United,B737,LAS,SFO,1925,1368,779,1082,102,52,0,0,1772,Security,47,163,159,40
261,2024-09-17,Delta,B737,SFO,ORD,619,769,261,643,34,45,0,0,2722,Late Aircraft,19,67,188,33
262,2024-09-18,JetBlue,A321,MIA,SEA,1274,212,729,615,57,13,1,0,2851,Carrier,37,35,181,44
263,2024-09-19,Alaska,A350,SFO,JFK,956,462,282,194,-4,3,0,0,2907,Security,54,179,16,12
264,2024-09-20,Delta,B737,ORD,SFO,1939,282,1490,488,38,155,0,0,2234,Weather,67,177,18,54
265,2024-09-21,United,A321,LAX,PHX,968,1486,361,2204,126,58,0,0,1816,NAS,78,168,69,54
266,2024-09-22,American,B787,DFW,DEN,1316,1430,440,1249,153,45,0,0,3479,Carrier,87,145,119,35
267,2024-09-23,Southwest,B777,BOS,SEA,1043,87,2140,1102,72,137,0,0,2409,Carrier,88,21,100,24
268,2024-09-24,Frontier,B777,LAX,LAX,281,1067,1644,1147,118,260,0,0,2699,Carrier,0,65,33,23
269,2024-09-25,Spirit,B737,BOS,MIA,2166,460,866,1241,127,32,0,0,371,Security,6,20,83,43
270,2024-09-26,United,A350,PHX,JFK,1058,2325,1447,515,153,195,0,0,522,Weather,56,99,152,16
271,2024-09-27,JetBlue,A350,MIA,LAS,197,1724,141,1625,62,123,0,0,1567,Late Aircraft,94,127,195,1
272,2024-09-28,Frontier,B787,ATL,LAS,1082,1376,1314,1127,226,94,0,0,647,Weather,11,43,73,12
273,2024-09-29,Frontier,B737,SEA,SFO,1184,514,1455,392,35,167,0,0,2768,Security,105,102,87,30
274,2024-09-30,Frontier,B777,JFK,JFK,1008,702,1875,630,95,12,0,0,1234,Carrier,4,46,84,28
275,2024-10-01,Delta,A350,LAX,DFW,1229,1653,1847,1847,149,181,0,0,1480,NAS,107,38,10,49
276,2024-10-02,Southwest,B737,DFW,PHX,1035,2066,1712,979,21,175,0,0,1383,Carrier,49,28,90,27
277,2024-10-03,Delta,B757,LAS,MIA,489,22,700,433,-5,299,0,0,1551,Late Aircraft,41,53,143,59
278,2024-10-04,JetBlue,A350,LAS,DEN,275,1053,997,277,165,35,0,0,2160,None,101,89,188,26
279,2024-10-05,Delta,A321,SFO,SEA,2289,1830,2096,232,155,133,0,0,2866,NAS,11,84,126,14
280,2024-10-06,American,B757,DFW,SEA,1239,2155,1325,1552,134,252,0,0,1755,Carrier,102,16,112,30
281,2024-10-07,Southwest,A350,MIA,LAS,1274,1304,880,1594,63,34,0,1,3435,NAS,17,79,79,39
282,2024-10-08,Southwest,B777,PHX,SEA,125,1134,1213,1113,103,230,0,0,2166,None,65,158,6,14
283,2024-10-09,JetBlue,A320,BOS,MIA,216,2183,1159,25,16,97,0,0,3194,Weather,73,72,15,32
284,2024-10-10,Spirit,B757,SFO,LAX,1208,361,554,1417,43,154,0,0,1069,Security,78,48,15,19
285,2024-10-11,American,B787,LAS,ORD,1246,2176,403,2314,167,150,0,0,3150,Carrier,93,100,167,41
286,2024-10-12,United,B787,JFK,ATL,918,1899,891,460,152,-2,0,0,3007,Late Aircraft,107,1,11,11
287,2024-10-13,Delta,B777,JFK,BOS,1317,1284,601,1091,233,187,0,0,2206,Weather,16,175,34,36
288,2024-10-14,Alaska,A350,LAX,SFO,2198,514,1830,1006,74,272,0,0,2618,Carrier,67,141,20,8
289,2024-10-15,Delta,B737,MIA,LAX,1661,448,340,1994,116,173,0,0,428,Weather,70,58,177,22
290,2024-10-16,Frontier,A350,ATL,DEN,307,1923,1968,490,142,139,1,0,1146,Late Aircraft,61,96,170,7
291,2024-10-17,Delta,B777,LAS,LAS,1359,1506,703,1072,145,39,1,0,2516,Carrier,40,98,16,31
292,2024-10-18,United,B787,MIA,SFO,1969,1247,317,215,100,166,0,0,3086,None,94,102,31,47
293,2024-10-19,Delta,A350,PHX,SEA,891,1855,1386,1723,4,194,0,0,2222,None,114,178,40,13
294,2024-10-20,American,B787,BOS,JFK,374,873,2280,1592,121,59,0,0,1801,Late Aircraft,118,1,133,26
295,2024-10-21,American,B757,DFW,DEN,2033,1428,1800,158,82,261,0,0,741,NAS,102,40,26,24
296,2024-10-22,Southwest,B737,LAS,SFO,1364,2349,1367,685,112,117,0,0,310,Late Aircraft,118,122,147,12
297,2024-10-23,JetBlue,B757,JFK,PHX,128,2278,1572,1776,62,43,1,0,1327,NAS,33,81,152,54
298,2024-10-24,Spirit,B787,DFW,SEA,1014,1754,816,2052,144,166,0,0,1953,Carrier,69,143,65,20
299,2024-10-25,Alaska,B787,DFW,SFO,1799,922,552,1843,143,48,0,0,2835,NAS,113,131,136,44
300,2024-10-26,Frontier,A320,DFW,JFK,1381,2159,855,2295,136,244,0,0,3145,Carrier,101,139,91,30
301,2024-10-27,Delta,A320,JFK,PHX,516,1036,1812,1589,237,177,1,0,3285,Carrier,44,28,180,36
302,2024-10-28,Delta,B757,PHX,SEA,1518,1416,182,1696,81,127,0,0,314,Security,57,134,60,47
303,2024-10-29,United,A321,DEN,ORD,85,2281,1574,1946,6,88,0,0,835,Carrier,50,13,165,57
304,2024-10-30,JetBlue,B757,ORD,LAX,1198,313,396,2062,32,198,0,0,1977,NAS,33,11,2,42
305,2024-10-31,American,A320,BOS,DFW,2358,2256,1727,1145,110,226,0,0,2468,Security,43,98,197,53
306,2024-11-01,Alaska,B787,DEN,LAS,1142,1997,1517,2324,30,193,0,0,784,Security,14,132,102,4
307,2024-11-02,Southwest,B777,BOS,BOS,1993,1037,906,1581,159,77,1,0,2990,Carrier,77,80,54,12
308,2024-11-03,American,B757,SFO,MIA,2161,1656,1356,2257,167,126,0,0,2405,Late Aircraft,69,105,0,27
309,2024-11-04,Frontier,B787,MIA,LAS,302,1778,2174,2349,201,96,0,0,2120,Late Aircraft,49,31,100,42
310,2024-11-05,JetBlue,B777,MIA,BOS,587,1014,0,1932,226,43,0,0,3483,None,100,73,197,24
311,2024-11-06,Frontier,B777,SEA,DEN,986,1093,18,1757,157,27,0,0,3111,Security,113,170,44,50
312,2024-11-07,Spirit,A320,MIA,BOS,1863,1124,583,2050,28,191,0,0,1254,Carrier,31,80,174,34
313,2024-11-08,Southwest,B757,JFK,SEA,344,697,455,989,102,252,0,0,2749,Late Aircraft,66,68,25,46
314,2024-11-09,Spirit,A350,ATL,ORD,813,2179,2036,1541,234,280,0,0,1479,Carrier,2,44,120,38
315,2024-11-10,United,B737,LAX,DFW,1987,1404,1132,1116,140,102,0,1,2887,Carrier,85,105,141,6
316,2024-11-11,Frontier,A320,SEA,LAX,1310,1155,1952,492,100,4,0,0,1289,Security,85,136,181,37
317,2024-11-12,United,A320,LAX,LAX,1999,1043,2150,619,213,206,0,0,576,None,73,176,198,31
318,2024-11-13,Delta,A350,BOS,JFK,1677,1929,987,2097,169,150,0,0,857,Security,50,160,45,2
319,2024-11-14,Spirit,B737,LAX,MIA,1327,1013,519,1546,36,115,0,0,2956,Weather,66,99,121,44
320,2024-11-15,JetBlue,B787,LAX,SFO,1092,226,858,862,52,140,0,0,251,Late Aircraft,75,145,30,38
321,2024-11-16,Frontier,A321,SEA,ORD,1009,1828,173,1691,214,168,0,0,1283,Late Aircraft,92,8,58,36
322,2024-11-17,Alaska,B757,SFO,SFO,703,1492,1366,1605,238,74,0,1,2731,Late Aircraft,47,61,28,54
323,2024-11-18,Southwest,A321,DFW,DFW,574,821,726,2319,99,78,0,0,374,NAS,16,28,105,49
324,2024-11-19,American,B787,MIA,BOS,1608,2023,1710,579,58,-3,0,0,1354,Carrier,6,124,16,21
325,2024-11-20,JetBlue,A320,MIA,LAX,1112,870,1875,1890,32,277,0,0,2782,Security,12,113,141,7
326,2024-11-21,JetBlue,B737,JFK,DFW,687,2249,1681,1275,165,214,0,0,2949,Late Aircraft,119,152,163,16
327,2024-11-22,United,A320,SEA,BOS,488,2085,1347,1855,23,276,0,0,2111,Weather,65,142,185,51
328,2024-11-23,Spirit,B777,JFK,LAX,1347,1795,989,1355,29,10,0,0,1423,Late Aircraft,3,133,23,26
329,2024-11-24,Frontier,A320,ATL,BOS,493,187,419,1162,192,59,1,0,3097,None,9,119,108,32
330,2024-11-25,Frontier,A320,ATL,MIA,1667,1080,593,356,50,283,0,0,3170,Carrier,102,169,190,45
331,2024-11-26,Delta,B787,JFK,ORD,1637,940,1774,1624,167,134,0,0,378,Carrier,87,156,90,16
332,2024-11-27,Delta,B787,SEA,LAS,18,2320,935,2321,184,132,0,0,687,Security,16,78,24,41
333,2024-11-28,Southwest,B787,JFK,PHX,1000,525,1107,2006,51,-8,0,0,1000,NAS,51,92,186,11
334,2024-11-29,United,A321,MIA,DEN,850,335,1136,2358,47,13,0,0,2798,Security,5,3,31,47
335,2024-11-30,JetBlue,B777,DEN,DFW,1388,1078,331,869,150,280,0,0,3379,Late Aircraft,82,81,115,45
336,2024-12-01,Frontier,B787,ORD,DFW,1354,161,2088,885,64,193,0,0,1471,None,68,176,81,26
337,2024-12-02,Alaska,B737,LAX,PHX,1367,593,1793,2001,5,112,0,0,2508,Weather,95,171,109,47
338,2024-12-03,United,A321,ORD,LAS,821,1938,958,2201,71,100,0,0,1151,Security,73,74,145,7
339,2024-12-04,Southwest,A350,SEA,ATL,454,2206,104,1413,83,128,0,1,2342,NAS,8,13,36,22
340,2024-12-05,Southwest,B737,PHX,SEA,1624,59,201,1283,37,219,0,0,3418,Security,90,130,25,59
341,2024-12-06,United,B757,ORD,MIA,710,1901,1842,619,236,-9,0,0,1552,Carrier,76,113,136,41
342,2024-12-07,Southwest,B757,ATL,MIA,2190,2258,1866,882,127,29,0,0,2832,Late Aircraft,82,61,63,48
343,2024-12-08,United,B737,BOS,PHX,916,405,1996,796,71,223,0,0,1683,Late Aircraft,20,105,71,58
344,2024-12-09,American,B787,LAX,SFO,1496,663,1289,2172,27,139,0,0,2758,Late Aircraft,23,63,147,28
345,2024-12-10,United,A350,DFW,BOS,1440,1132,909,1296,116,165,0,0,640,Late Aircraft,101,101,181,49
346,2024-12-11,Spirit,A350,PHX,SEA,304,1099,209,618,8,199,0,0,1317,Late Aircraft,3,172,105,19
347,2024-12-12,United,A321,SEA,ORD,735,541,562,1834,153,72,1,0,276,Late Aircraft,23,105,85,15
348,2024-12-13,Southwest,A350,LAX,ORD,2338,1337,1563,244,176,240,0,1,3091,Weather,58,19,157,16
349,2024-12-14,Frontier,B757,ORD,PHX,1963,997,770,929,52,57,0,0,3418,NAS,98,57,52,15
350,2024-12-15,Spirit,B777,ATL,MIA,2149,1140,628,1270,66,163,0,0,3272,Late Aircraft,2,111,91,18
351,2024-12-16,Southwest,B787,SFO,ORD,2009,867,1628,519,237,196,0,0,797,NAS,67,56,98,55
352,2024-12-17,Delta,A350,DEN,ATL,961,2066,1701,7,163,277,0,0,2918,None,100,118,190,55
353,2024-12-18,Delta,A321,DFW,DFW,1026,431,386,2019,120,218,0,0,816,Late Aircraft,39,96,10,7
354,2024-12-19,Frontier,B757,PHX,JFK,2132,739,1935,494,191,223,0,0,953,Security,47,91,30,37
355,2024-12-20,Frontier,B777,DEN,DEN,1473,1373,2343,1629,91,207,0,0,1492,Late Aircraft,53,51,176,37
356,2024-12-21,Spirit,A320,LAX,PHX,1947,182,2305,1062,54,103,0,0,434,Carrier,34,36,99,52
357,2024-12-22,American,A320,ATL,SFO,1177,2160,1104,186,236,297,0,0,3390,Weather,94,7,86,28
358,2024-12-23,Frontier,B777,ATL,BOS,664,1206,267,1877,109,248,0,0,3451,Security,55,43,146,40
359,2024-12-24,Delta,B757,ORD,DEN,11,1169,2282,2140,80,191,0,0,1840,Security,107,97,139,35
360,2024-12-25,United,A321,MIA,BOS,1156,830,1856,85,227,79,0,0,2163,Carrier,88,132,14,25
361,2024-12-26,Southwest,B777,ORD,LAX,303,1651,1998,136,-3,206,0,0,1097,Late Aircraft,39,117,158,30
362,2024-12-27,Delta,B787,MIA,DEN,1763,1136,1380,2121,168,260,1,0,848,Weather,76,68,170,43
363,2024-12-28,Delta,B787,MIA,JFK,42,475,1236,1636,227,215,0,0,1055,Security,67,158,100,59
364,2024-12-29,American,A320,DFW,MIA,943,1326,573,2218,223,293,0,0,1607,Weather,45,44,164,11
365,2024-12-30,Spirit,A350,ORD,ATL,1349,970,48,1751,198,103,0,0,3475,Security,77,136,28,54
366,2024-12-31,Spirit,A321,LAS,DFW,890,1019,1150,2217,62,252,0,0,2376,Late Aircraft,12,31,113,16
367,2025-01-01,JetBlue,A320,SFO,DFW,1004,1141,222,1787,123,257,0,0,2876,None,26,32,106,14
368,2025-01-02,American,A350,PHX,ATL,20,1836,1431,871,96,48,0,0,2128,Security,5,125,153,8
369,2025-01-03,United,A350,JFK,SEA,406,160,1528,943,78,282,0,0,2710,None,16,66,107,38
370,2025-01-04,Spirit,B787,JFK,LAX,1014,197,1819,1626,28,-5,0,0,795,Security,35,29,129,41
371,2025-01-05,Southwest,B757,ORD,BOS,335,1283,2324,348,102,82,0,0,1882,NAS,103,113,83,47
372,2025-01-06,Frontier,B737,ORD,JFK,1838,659,1461,1676,177,55,0,0,2466,Late Aircraft,112,28,14,11
373,2025-01-07,American,B757,DEN,ORD,1147,1775,1130,1196,17,42,0,0,2978,Carrier,98,130,131,31
374,2025-01-08,Frontier,B737,PHX,DEN,1827,1070,1681,9,86,274,0,0,2880,None,80,29,49,24
375,2025-01-09,Delta,B777,PHX,LAX,714,2010,374,1461,171,235,0,0,2812,Carrier,104,136,165,38
376,2025-01-10,Southwest,B787,DFW,PHX,50,398,2120,666,26,260,0,0,2329,Late Aircraft,1,153,22,17
377,2025-01-11,Southwest,A350,ORD,DEN,323,1733,2021,1522,126,34,0,0,2584,Carrier,76,129,58,14
378,2025-01-12,Delta,A321,PHX,JFK,788,1582,1053,2176,71,200,0,0,2891,Late Aircraft,51,61,89,31
379,2025-01-13,American,B737,DEN,SFO,140,2125,1889,600,45,36,0,0,3364,Carrier,65,2,114,5
380,2025-01-14,Delta,B757,MIA,SFO,469,2171,1823,326,176,255,0,0,2176,None,51,173,74,57
381,2025-01-15,Frontier,A350,ATL,LAX,786,74,1474,979,74,68,0,0,866,NAS,91,67,155,43
382,2025-01-16,JetBlue,B737,ATL,MIA,1825,2184,2242,628,-9,277,0,0,3322,Carrier,42,24,193,42
383,2025-01-17,Southwest,B737,MIA,JFK,1357,601,1179,1629,178,110,0,0,2567,None,89,178,122,51
384,2025-01-18,Alaska,B737,SEA,JFK,1916,836,1064,273,47,280,0,0,1453,Security,21,140,135,34
385,2025-01-19,Alaska,A321,DEN,ATL,963,1528,2070,684,96,56,0,0,2009,Late Aircraft,110,43,156,33
386,2025-01-20,Frontier,B787,PHX,MIA,372,499,359,115,112,280,0,0,2815,Weather,106,162,138,37
387,2025-01-21,United,A321,LAS,BOS,1692,1596,2041,860,177,220,0,0,3424,Weather,54,54,17,55
388,2025-01-22,Spirit,A320,DEN,BOS,1179,137,1141,2003,219,40,0,0,3331,Late Aircraft,66,136,182,53
389,2025-01-23,Delta,A350,MIA,ORD,2338,2097,1635,692,239,94,0,0,2880,NAS,98,129,49,56
390,2025-01-24,Delta,B787,SFO,DFW,1671,1794,1403,1105,157,176,0,0,3411,Carrier,59,40,141,4
391,2025-01-25,United,B787,BOS,SFO,105,972,1943,2161,153,77,0,0,475,NAS,57,171,117,17
392,2025-01-26,United,B787,LAX,PHX,1443,1642,678,1792,103,40,0,0,919,Weather,11,63,136,15
393,2025-01-27,Frontier,B757,MIA,BOS,1681,1885,6,153,96,44,0,0,2013,None,87,30,138,7
394,2025-01-28,Frontier,B787,LAS,MIA,1,2301,1591,1900,26,122,0,0,1166,Late Aircraft,68,46,190,24
395,2025-01-29,United,A321,PHX,JFK,2137,2028,832,1427,68,23,0,0,2423,Late Aircraft,83,129,107,31
396,2025-01-30,Southwest,B787,LAS,PHX,349,1900,1810,1289,81,12,0,0,3253,NAS,102,95,66,25
397,2025-01-31,Frontier,B777,LAS,LAS,1286,1449,913,314,7,33,0,0,3418,None,38,76,180,51
398,2025-02-01,JetBlue,A350,ORD,BOS,1062,546,2011,1064,87,109,0,0,2371,NAS,12,109,166,21
399,2025-02-02,Frontier,B787,ORD,JFK,2206,921,1442,104,52,-3,0,0,1464,Carrier,40,68,77,30
400,2025-02-03,Delta,A350,DFW,BOS,444,580,1450,1924,139,20,0,0,1955,Security,56,57,183,42
401,2025-02-04,Frontier,B777,MIA,SFO,2345,1372,1502,1913,128,85,0,0,2092,None,52,105,155,9
402,2025-02-05,Southwest,B777,DFW,LAS,951,1956,125,1216,175,266,0,0,2233,Security,108,43,74,55
403,2025-02-06,United,A350,MIA,DEN,35,2003,816,1424,174,70,0,0,305,Carrier,11,73,38,56
404,2025-02-07,Delta,B737,DEN,BOS,1107,2096,1829,1772,194,-12,0,0,969,Security,12,55,24,11
405,2025-02-08,Frontier,A320,LAX,MIA,1475,703,575,1960,-7,207,0,0,2850,Weather,119,170,20,52
406,2025-02-09,Southwest,B757,LAS,BOS,1798,2308,1415,1603,203,150,0,0,2329,Security,73,126,137,27
407,2025-02-10,JetBlue,B737,DEN,DFW,1845,1625,929,708,124,262,0,0,823,Carrier,96,161,170,5
408,2025-02-11,Frontier,B737,BOS,PHX,1408,637,1463,650,50,114,0,0,916,Security,56,29,14,58
409,2025-02-12,Southwest,A321,ATL,PHX,1195,1009,832,946,96,15,0,0,533,Late Aircraft,39,70,47,19
410,2025-02-13,JetBlue,B757,JFK,SFO,1399,640,1054,660,43,-5,1,0,1994,NAS,117,117,85,4
411,2025-02-14,United,B757,MIA,MIA,1708,1861,1648,2146,77,286,0,0,2484,Weather,79,54,148,22
412,2025-02-15,Frontier,B737,BOS,LAS,1385,1205,1900,2329,57,80,1,0,747,Late Aircraft,44,66,187,8
413,2025-02-16,JetBlue,B787,ATL,ATL,2188,685,1457,1132,209,174,1,0,1715,Late Aircraft,34,140,115,57
414,2025-02-17,Delta,A321,PHX,MIA,1300,1851,1399,699,196,176,0,0,379,Carrier,2,2,49,58
415,2025-02-18,United,A321,SEA,PHX,1243,187,442,2246,118,250,0,0,888,NAS,119,25,150,28
416,2025-02-19,Delta,B777,LAX,DFW,520,1619,2122,2038,44,112,0,0,2411,NAS,4,56,140,15
417,2025-02-20,Alaska,B757,DFW,DEN,1806,1687,556,2201,-8,222,0,0,2310,None,89,125,68,53
418,2025-02-21,American,B737,DFW,SFO,9,984,1178,551,195,96,0,0,2741,Weather,10,151,3,45
419,2025-02-22,Frontier,B777,DEN,ATL,983,547,2037,404,155,129,0,0,2744,Carrier,70,52,77,21
420,2025-02-23,JetBlue,A350,ORD,DFW,1656,1431,362,461,231,49,0,0,1235,Weather,116,42,199,7
421,2025-02-24,American,A320,ATL,LAS,1660,875,1257,2179,110,231,0,0,1242,None,55,48,8,58
422,2025-02-25,American,A321,SEA,LAS,2199,617,1841,873,118,207,0,0,3012,Security,9,41,120,19
423,2025-02-26,JetBlue,A350,BOS,DFW,719,1365,2309,83,91,297,0,0,2371,Late Aircraft,105,10,114,50
424,2025-02-27,United,A350,LAX,LAX,1072,1243,1850,1422,27,90,0,0,2834,Weather,115,102,162,13
425,2025-02-28,Frontier,B787,ATL,SFO,858,902,2172,220,74,165,0,0,350,Late Aircraft,33,97,100,38
426,2025-03-01,Alaska,A320,SEA,MIA,1316,162,910,1391,229,168,0,0,2473,Carrier,66,145,148,36
427,2025-03-02,Delta,A350,JFK,JFK,1603,1974,244,111,146,210,1,0,676,Security,71,84,185,49
428,2025-03-03,Southwest,A350,MIA,DEN,49,269,541,614,122,249,0,0,3438,Carrier,30,99,145,33
429,2025-03-04,Delta,A320,DFW,JFK,145,631,2169,1581,230,262,0,0,3487,Security,74,103,96,10
430,2025-03-05,Southwest,A320,BOS,MIA,914,905,2172,474,191,73,0,0,290,Security,108,179,199,53
431,2025-03-06,Delta,A350,DFW,MIA,1462,2014,1572,1913,81,160,0,0,678,Late Aircraft,70,45,80,39
432,2025-03-07,JetBlue,A320,BOS,SFO,2289,1641,2217,270,10,2,0,0,593,Carrier,108,43,42,32
433,2025-03-08,Alaska,A350,DEN,MIA,580,204,123,1920,231,90,0,0,615,Carrier,65,21,94,30
434,2025-03-09,Frontier,A350,ORD,PHX,1584,581,1731,1390,188,255,0,0,3441,Weather,69,113,5,58
435,2025-03-10,Southwest,B787,BOS,LAX,482,1579,785,39,184,151,0,0,858,Carrier,40,124,66,53
436,2025-03-11,Frontier,B737,DFW,ATL,1249,840,2043,1982,98,-3,1,1,2954,Weather,62,123,139,43
437,2025-03-12,Frontier,A350,DEN,MIA,672,1836,2248,2236,36,16,0,0,977,NAS,31,29,99,33
438,2025-03-13,Frontier,B777,BOS,JFK,630,1251,796,993,73,24,0,0,2526,NAS,19,7,11,49
439,2025-03-14,Spirit,A321,JFK,MIA,661,1719,76,2012,72,132,0,0,1074,NAS,56,97,65,6
440,2025-03-15,United,B757,ORD,LAS,987,1642,58,289,24,202,0,0,3451,None,97,56,1,57
441,2025-03-16,Delta,B737,BOS,LAX,1546,2297,1523,278,185,203,0,0,1625,Carrier,49,110,142,48
442,2025-03-17,Frontier,B737,DEN,PHX,649,874,1936,580,58,66,0,0,1138,None,79,72,150,53
443,2025-03-18,Delta,B737,PHX,PHX,968,1464,2156,862,118,192,0,0,2293,Carrier,24,114,156,22
444,2025-03-19,Frontier,B787,ATL,BOS,1100,2243,1301,253,185,185,1,0,1591,Weather,11,19,80,45
445,2025-03-20,Southwest,A350,SFO,PHX,440,689,67,180,129,22,0,0,3281,None,70,24,134,55
446,2025-03-21,United,B787,SEA,BOS,920,2010,2352,680,177,195,0,0,3133,None,38,18,155,6
447,2025-03-22,United,A350,SFO,DFW,769,1422,1932,824,16,233,0,0,1546,None,16,4,141,53
448,2025-03-23,JetBlue,B787,PHX,DEN,1343,2001,364,699,45,211,0,0,366,Security,44,74,171,24
449,2025-03-24,Spirit,B787,SFO,ORD,1826,671,820,1349,223,32,0,0,3115,Weather,10,127,157,2
450,2025-03-25,JetBlue,A321,PHX,PHX,262,1171,1402,1380,12,2,0,0,2665,NAS,69,71,159,58
451,2025-03-26,JetBlue,B777,LAX,ATL,1577,1495,946,1673,142,279,0,0,1367,Weather,22,154,69,37
452,2025-03-27,JetBlue,B787,PHX,LAS,998,943,1577,1638,10,180,0,0,417,Security,90,39,114,19
453,2025-03-28,JetBlue,A321,PHX,SEA,699,2246,1377,1957,50,171,0,0,3251,Carrier,109,25,87,33
454,2025-03-29,JetBlue,A320,LAS,DFW,2349,1449,1439,211,52,208,0,0,1988,Weather,69,26,5,48
455,2025-03-30,Alaska,B777,PHX,PHX,1603,895,761,1538,111,213,0,1,1614,None,37,82,26,43
456,2025-03-31,United,B787,JFK,DEN,1241,2189,340,383,41,61,0,0,2958,NAS,1,127,81,43
457,2025-04-01,JetBlue,B757,ATL,BOS,1125,1336,382,1714,77,172,0,0,944,NAS,85,177,87,29
458,2025-04-02,Frontier,B737,MIA,JFK,2335,164,1003,341,142,254,0,0,1174,Carrier,83,169,119,16
459,2025-04-03,United,A320,BOS,SEA,1190,2068,1556,1838,226,79,0,0,401,Weather,88,156,23,58
460,2025-04-04,United,A320,SEA,DEN,1005,1105,299,1987,44,294,0,0,835,Security,78,166,101,9
461,2025-04-05,American,A321,ORD,DEN,35,1753,138,843,35,116,0,0,1162,Carrier,112,168,33,34
462,2025-04-06,Alaska,A320,ATL,PHX,743,2352,358,1534,21,23,0,0,2571,Weather,92,32,167,19
463,2025-04-07,JetBlue,B777,DFW,DFW,1764,1938,835,419,44,56,0,0,1827,Late Aircraft,71,96,46,17
464,2025-04-08,Delta,B787,MIA,SEA,352,370,1522,1988,85,265,0,0,745,NAS,36,110,23,44
465,2025-04-09,Southwest,B787,LAX,SFO,1922,1880,1627,1932,122,144,0,0,2398,Security,48,15,64,43
466,2025-04-10,Spirit,B757,LAX,ORD,72,852,1982,1849,25,171,0,0,806,None,51,22,17,26
467,2025-04-11,Frontier,B737,PHX,SFO,1376,383,1303,305,99,175,0,0,1355,Security,32,134,43,58
468,2025-04-12,Delta,A321,ATL,LAS,1914,1931,908,868,223,104,0,0,1802,None,21,25,75,58
469,2025-04-13,Alaska,B737,DEN,SEA,1093,424,1134,1135,166,204,0,0,2370,Security,113,95,56,48
470,2025-04-14,Southwest,A320,LAS,SFO,707,2208,2186,1434,95,37,0,0,3335,NAS,110,11,106,35
471,2025-04-15,Alaska,B757,SFO,PHX,1804,628,995,205,47,206,0,0,406,None,4,71,155,22
472,2025-04-16,Frontier,B737,DFW,LAX,955,894,2320,495,28,115,0,0,984,Weather,102,132,123,31
473,2025-04-17,United,B777,LAX,BOS,159,597,2151,1909,69,221,0,0,2429,None,17,105,198,9
474,2025-04-18,Southwest,B787,SEA,LAX,2196,2336,1237,1045,86,230,0,0,3316,Carrier,37,116,150,10
475,2025-04-19,United,A320,LAX,MIA,1735,592,1784,212,102,210,0,0,1677,Weather,117,176,161,37
476,2025-04-20,Frontier,B757,ORD,SFO,1585,1687,164,309,202,192,0,0,808,Carrier,116,25,138,5
477,2025-04-21,Delta,B737,BOS,LAS,66,572,998,1991,50,80,0,0,2404,Security,36,132,162,58
478,2025-04-22,Frontier,A321,LAX,MIA,57,2075,1307,271,126,184,0,0,2562,Weather,93,21,115,40
479,2025-04-23,Delta,B777,ORD,JFK,341,2090,656,1822,-5,231,0,0,3400,Security,114,12,92,46
480,2025-04-24,Southwest,B777,ATL,ATL,1153,1704,2211,2079,232,56,0,0,404,Late Aircraft,94,155,41,33
481,2025-04-25,Southwest,B737,ATL,JFK,1195,176,1909,442,98,169,0,0,3285,Security,63,160,27,35
482,2025-04-26,JetBlue,B787,LAS,SEA,1232,528,2046,2209,24,-10,0,0,1246,Security,9,106,122,36
483,2025-04-27,Alaska,B737,MIA,DEN,1494,1633,2111,253,28,190,1,0,2544,Carrier,78,22,23,16
484,2025-04-28,JetBlue,A320,LAX,BOS,1821,965,1140,520,139,16,0,0,780,None,41,96,135,39
485,2025-04-29,Alaska,B737,SEA,SFO,115,1517,1889,976,158,83,0,0,3155,Late Aircraft,47,17,105,39
486,2025-04-30,JetBlue,B777,LAX,LAS,661,197,266,9,107,240,0,0,2221,Security,43,116,117,53
487,2025-05-01,United,B757,SEA,LAS,1465,852,1845,1583,-6,171,0,0,2835,Security,81,29,52,11
488,2025-05-02,Southwest,B737,JFK,DFW,1868,1537,1708,1134,159,60,0,0,978,Late Aircraft,86,25,199,20
489,2025-05-03,Delta,B787,PHX,ATL,2334,2069,2293,152,76,161,0,0,1427,Late Aircraft,96,143,131,39
490,2025-05-04,Alaska,B757,MIA,ORD,1016,1080,1510,1658,198,299,0,0,403,Weather,15,38,99,18
491,2025-05-05,Frontier,A321,JFK,ORD,310,97,475,1856,65,271,0,0,341,Carrier,53,160,4,2
492,2025-05-06,Alaska,A350,LAX,ORD,207,1903,976,1214,204,239,0,0,2635,Late Aircraft,101,153,48,17
493,2025-05-07,Delta,B737,MIA,SFO,632,434,1207,1752,197,174,0,0,1753,Late Aircraft,34,175,97,52
494,2025-05-08,JetBlue,B787,JFK,ORD,2102,636,1043,1104,184,292,0,0,1966,NAS,97,165,29,50
495,2025-05-09,Alaska,B757,SFO,PHX,656,587,1960,894,147,111,0,0,3452,None,27,129,71,18
496,2025-05-10,Spirit,B787,LAX,LAX,1423,343,557,1111,46,271,0,0,2747,Late Aircraft,1,112,102,46
497,2025-05-11,United,A321,JFK,LAS,1931,1317,1017,103,116,238,0,0,2266,Carrier,93,133,62,5
498,2025-05-12,Southwest,B777,SFO,ATL,1679,1979,1605,1914,203,197,0,0,3107,None,12,45,174,15
499,2025-05-13,Delta,B787,SFO,LAX,236,570,882,1006,190,234,0,0,1036,None,40,49,25,7
500,2025-05-14,Southwest,B757,ATL,DEN,347,610,2194,406,18,68,0,0,522,Security,79,165,184,47
